symbol,date,verdict,stored_candle,stored_history,fresh_candle,fresh_history,corrected_table,corrected_value,evidence
بزاگرس,1404-05-15,stored_wrong,4428.0000,4476.0000,,4428,marketdata_dailystockhistory,4428,"provider now says 4428; the stored candle agrees, the stored history row 4476.0000 does not"
دارو,1402-01-07,stored_wrong,25000.0000,2500.0000,,25000,marketdata_dailystockhistory,25000,"provider now says 25000; the stored candle agrees, the stored history row 2500.0000 does not"
سپید,1402-01-07,stored_wrong,21430.0000,2143.0000,21430,21430,marketdata_dailystockhistory,21430,"provider now says 21430; the stored candle agrees, the stored history row 2143.0000 does not"
شپلی,1402-01-07,stored_wrong,10480.0000,1048.0000,10480,,marketdata_dailystockhistory,10480,"provider now says 10480; the stored candle agrees, the stored history row 1048.0000 does not"
قاسم3,1405-04-17,stored_wrong,2161.0000,2139.0000,2161,2161,marketdata_dailystockhistory,2161,"provider now says 2161; the stored candle agrees, the stored history row 2139.0000 does not"
قپیرا,1404-10-15,stored_wrong,11000.0000,10790.0000,11000,11000,marketdata_dailystockhistory,11000,"provider now says 11000; the stored candle agrees, the stored history row 10790.0000 does not"
مارون,1402-01-07,stored_wrong,181450.0000,18145.0000,181450,181450,marketdata_dailystockhistory,181450,"provider now says 181450; the stored candle agrees, the stored history row 18145.0000 does not"
وکادو,1403-12-13,stored_wrong,4124.0000,4190.0000,4124,4124,marketdata_dailystockhistory,4124,"provider now says 4124; the stored candle agrees, the stored history row 4190.0000 does not"
کاما,1390-11-26,stored_wrong,2282.0000,22820.0000,,22820,marketdata_marketcandle,22820,"provider now says 22820; the stored history agrees, the stored candle 2282.0000 does not"
کاما,1390-11-29,stored_wrong,2282.0000,22820.0000,,22820,marketdata_marketcandle,22820,"provider now says 22820; the stored history agrees, the stored candle 2282.0000 does not"
کاما,1390-11-30,stored_wrong,2282.0000,22820.0000,,22820,marketdata_marketcandle,22820,"provider now says 22820; the stored history agrees, the stored candle 2282.0000 does not"
کاما,1394-02-07,stored_wrong,895.5000,8955.0000,,8955,marketdata_marketcandle,8955,"provider now says 8955; the stored history agrees, the stored candle 895.5000 does not"
کاما,1394-02-08,stored_wrong,895.5000,8955.0000,,8955,marketdata_marketcandle,8955,"provider now says 8955; the stored history agrees, the stored candle 895.5000 does not"
کاما,1394-02-09,stored_wrong,895.5000,8955.0000,,8955,marketdata_marketcandle,8955,"provider now says 8955; the stored history agrees, the stored candle 895.5000 does not"
کاما,1394-02-13,stored_wrong,895.5000,8955.0000,,8955,marketdata_marketcandle,8955,"provider now says 8955; the stored history agrees, the stored candle 895.5000 does not"
کاما,1394-02-14,stored_wrong,895.5000,8955.0000,,8955,marketdata_marketcandle,8955,"provider now says 8955; the stored history agrees, the stored candle 895.5000 does not"
کاما,1397-04-02,stored_wrong,9885.0000,8885.0000,,8885,marketdata_marketcandle,8885,"provider now says 8885; the stored history agrees, the stored candle 9885.0000 does not"
کاما,1397-04-03,stored_wrong,988.5000,4943.0000,,4943,marketdata_marketcandle,4943,"provider now says 4943; the stored history agrees, the stored candle 988.5000 does not"
کاما,1398-03-21,stored_wrong,15142.0000,14895.0000,,14895,marketdata_marketcandle,14895,"provider now says 14895; the stored history agrees, the stored candle 15142.0000 does not"
کاما,1398-03-22,stored_wrong,15142.0000,14895.0000,,14895,marketdata_marketcandle,14895,"provider now says 14895; the stored history agrees, the stored candle 15142.0000 does not"
کاما,1400-04-13,stored_wrong,8890.0000,8760.0000,,8760,marketdata_marketcandle,8760,"provider now says 8760; the stored history agrees, the stored candle 8890.0000 does not"
کاما,1401-12-14,stored_wrong,848.0000,4240.0000,,4240,marketdata_marketcandle,4240,"provider now says 4240; the stored history agrees, the stored candle 848.0000 does not"
کاما,1401-12-15,stored_wrong,848.0000,4240.0000,,4240,marketdata_marketcandle,4240,"provider now says 4240; the stored history agrees, the stored candle 848.0000 does not"
کاما,1401-12-16,stored_wrong,848.0000,4240.0000,,4240,marketdata_marketcandle,4240,"provider now says 4240; the stored history agrees, the stored candle 848.0000 does not"
کاما,1401-12-20,stored_wrong,848.0000,4240.0000,,4240,marketdata_marketcandle,4240,"provider now says 4240; the stored history agrees, the stored candle 848.0000 does not"
کاما,1402-12-14,stored_wrong,425.0000,2833.0000,,2833,marketdata_marketcandle,2833,"provider now says 2833; the stored history agrees, the stored candle 425.0000 does not"
کاما,1402-12-15,stored_wrong,425.0000,2833.0000,,2833,marketdata_marketcandle,2833,"provider now says 2833; the stored history agrees, the stored candle 425.0000 does not"
کاما,1402-12-16,stored_wrong,425.0000,2833.0000,,2833,marketdata_marketcandle,2833,"provider now says 2833; the stored history agrees, the stored candle 425.0000 does not"
کاما,1404-04-18,stored_wrong,2540.0000,2486.0000,,2486,marketdata_marketcandle,2486,"provider now says 2486; the stored history agrees, the stored candle 2540.0000 does not"
کاما,1404-04-21,stored_wrong,2540.0000,2486.0000,,2486,marketdata_marketcandle,2486,"provider now says 2486; the stored history agrees, the stored candle 2540.0000 does not"
کاما,1404-04-22,stored_wrong,2540.0000,2260.0000,,2260,marketdata_marketcandle,2260,"provider now says 2260; the stored history agrees, the stored candle 2540.0000 does not"
کاما,1405-02-16,stored_wrong,2480.0000,1919.0000,,1919,marketdata_marketcandle,1919,"provider now says 1919; the stored history agrees, the stored candle 2480.0000 does not"
کاما,1405-02-19,stored_wrong,2480.0000,1919.0000,,1919,marketdata_marketcandle,1919,"provider now says 1919; the stored history agrees, the stored candle 2480.0000 does not"
کاما,1405-02-20,stored_wrong,2480.0000,1919.0000,,1919,marketdata_marketcandle,1919,"provider now says 1919; the stored history agrees, the stored candle 2480.0000 does not"
کاما,1405-02-21,stored_wrong,2480.0000,1919.0000,,1919,marketdata_marketcandle,1919,"provider now says 1919; the stored history agrees, the stored candle 2480.0000 does not"
کاما,1405-02-22,stored_wrong,2480.0000,1919.0000,,1919,marketdata_marketcandle,1919,"provider now says 1919; the stored history agrees, the stored candle 2480.0000 does not"
کاما,1405-02-23,stored_wrong,2480.0000,1919.0000,,1919,marketdata_marketcandle,1919,"provider now says 1919; the stored history agrees, the stored candle 2480.0000 does not"
کاما,1405-02-26,stored_wrong,2480.0000,1919.0000,,1919,marketdata_marketcandle,1919,"provider now says 1919; the stored history agrees, the stored candle 2480.0000 does not"
کاما,1405-02-27,stored_wrong,2480.0000,1919.0000,,1919,marketdata_marketcandle,1919,"provider now says 1919; the stored history agrees, the stored candle 2480.0000 does not"
کاما,1405-02-28,stored_wrong,2480.0000,1919.0000,,1919,marketdata_marketcandle,1919,"provider now says 1919; the stored history agrees, the stored candle 2480.0000 does not"
کاما,1405-02-29,stored_wrong,2480.0000,1919.0000,,1919,marketdata_marketcandle,1919,"provider now says 1919; the stored history agrees, the stored candle 2480.0000 does not"
کاما,1405-02-30,stored_wrong,2480.0000,1919.0000,,1919,marketdata_marketcandle,1919,"provider now says 1919; the stored history agrees, the stored candle 2480.0000 does not"
کیمیاتک,1403-04-11,stored_wrong,12100.0000,12380.0000,12100,12100,marketdata_dailystockhistory,12100,"provider now says 12100; the stored candle agrees, the stored history row 12380.0000 does not"
گنگین,1404-06-26,provider_broken,13660.0000,13450.0000,13660,13450,,,"fresh candle 13660 vs fresh history 13450 still disagree; the endpoint contradicts itself, quarantine is the only honest option"
گنگین2,1404-09-16,stored_wrong,10400.0000,9980.0000,,10400,marketdata_dailystockhistory,10400,"provider now says 10400; the stored candle agrees, the stored history row 9980.0000 does not"
