instrument,asset_class,date_jalali,stored_value,provider_value,secondary_value,currency_unit,conversion_applied,abs_diff,pct_diff,tolerance_pct,result,explanation
کاما (unadjusted),TSE equity,1405-05-10,,3320.0,3510,provider declares no unit; see REPORT.md finding F1,none,,,0.01,UNEXPLAINED DIFFERENCE,provider has a row but nothing is stored
کاما (adjusted),TSE equity,1405-05-10,3320.0,3320.0,3510,provider declares no unit; see REPORT.md finding F1,none,0.0,0.0,0.01,MATCH,stored equals provider
کاما (unadjusted),TSE equity,1405-04-29,2804.0,2804.0,3510,provider declares no unit; see REPORT.md finding F1,none,0.0,0.0,0.01,MATCH,stored equals provider
کاما (adjusted),TSE equity,1405-04-29,2804.0,2804.0,3510,provider declares no unit; see REPORT.md finding F1,none,0.0,0.0,0.01,MATCH,stored equals provider
کاما (unadjusted),TSE equity,1405-04-16,3060.0,,3510,provider declares no unit; see REPORT.md finding F1,none,,,0.01,NOT VERIFIED,provider returned no row for this date
کاما (adjusted),TSE equity,1405-04-16,2980.0,,3510,provider declares no unit; see REPORT.md finding F1,none,,,0.01,NOT VERIFIED,provider returned no row for this date
کاما (unadjusted),TSE equity,1404-12-06,2480.0,2480.0,3510,provider declares no unit; see REPORT.md finding F1,none,0.0,0.0,0.01,MATCH,stored equals provider
کاما (adjusted),TSE equity,1404-12-06,1872.0,1872.0,3510,provider declares no unit; see REPORT.md finding F1,none,0.0,0.0,0.01,MATCH,stored equals provider
کاما (unadjusted),TSE equity,1403-06-15,2526.0,,3510,provider declares no unit; see REPORT.md finding F1,none,,,0.01,NOT VERIFIED,provider returned no row for this date
کاما (adjusted),TSE equity,1403-06-15,1697.0,,3510,provider declares no unit; see REPORT.md finding F1,none,,,0.01,NOT VERIFIED,provider returned no row for this date
کاما (unadjusted),TSE equity,1400-05-10,11590.0,11590.0,3510,provider declares no unit; see REPORT.md finding F1,none,0.0,0.0,0.01,MATCH,stored equals provider
کاما (adjusted),TSE equity,1400-05-10,2544.0,2544.0,3510,provider declares no unit; see REPORT.md finding F1,none,0.0,0.0,0.01,MATCH,stored equals provider
دجابر (unadjusted),TSE equity,1405-05-11,28440.0,,,provider declares no unit; see REPORT.md finding F1,none,,,0.01,NOT VERIFIED,provider returned no row for this date
دجابر (adjusted),TSE equity,1405-05-11,28440.0,28440.0,,provider declares no unit; see REPORT.md finding F1,none,0.0,0.0,0.01,MATCH,stored equals provider
دجابر (unadjusted),TSE equity,1404-12-06,9430.0,,,provider declares no unit; see REPORT.md finding F1,none,,,0.01,NOT VERIFIED,provider returned no row for this date
دجابر (adjusted),TSE equity,1404-12-06,8213.0,8213.0,,provider declares no unit; see REPORT.md finding F1,none,0.0,0.0,0.01,MATCH,stored equals provider
دجابر (unadjusted),TSE equity,1403-06-15,,,,provider declares no unit; see REPORT.md finding F1,none,,,0.01,NOT VERIFIED,neither side has a value for this date
دجابر (adjusted),TSE equity,1403-06-15,,,,provider declares no unit; see REPORT.md finding F1,none,,,0.01,NOT VERIFIED,neither side has a value for this date
وغدیر (unadjusted),TSE equity,1405-05-12,,14680.0,,provider declares no unit; see REPORT.md finding F1,none,,,0.01,UNEXPLAINED DIFFERENCE,provider has a row but nothing is stored
وغدیر (adjusted),TSE equity,1405-05-12,14680.0,14680.0,,provider declares no unit; see REPORT.md finding F1,none,0.0,0.0,0.01,MATCH,stored equals provider
وغدیر (unadjusted),TSE equity,1404-12-06,15080.0,15080.0,,provider declares no unit; see REPORT.md finding F1,none,0.0,0.0,0.01,MATCH,stored equals provider
وغدیر (adjusted),TSE equity,1404-12-06,13579.0,13579.0,,provider declares no unit; see REPORT.md finding F1,none,0.0,0.0,0.01,MATCH,stored equals provider
وغدیر (unadjusted),TSE equity,1403-06-15,,,,provider declares no unit; see REPORT.md finding F1,none,,,0.01,NOT VERIFIED,neither side has a value for this date
وغدیر (adjusted),TSE equity,1403-06-15,,,,provider declares no unit; see REPORT.md finding F1,none,,,0.01,NOT VERIFIED,neither side has a value for this date
IR_COIN_EMAMI,gold coin,1405-05-12,184500000.0,184500000.0,,provider=تومان / stored=تومان,none (provider already quotes Toman),0.0,0.0,0.01,MATCH,stored equals provider
IR_COIN_EMAMI,gold coin,1404-12-06,205005000.0,205005000.0,,provider=تومان / stored=تومان,none (provider already quotes Toman),0.0,0.0,0.01,MATCH,stored equals provider
IR_COIN_EMAMI,gold coin,1403-06-15,43460000.0,43460000.0,,provider=تومان / stored=تومان,none (provider already quotes Toman),0.0,0.0,0.01,MATCH,stored equals provider
IR_COIN_EMAMI,gold coin,1400-05-10,11239000.0,11239000.0,,provider=تومان / stored=تومان,none (provider already quotes Toman),0.0,0.0,0.01,MATCH,stored equals provider
IR_GOLD_18K,gold gram,1405-05-12,18364200.0,,,provider=تومان / stored=تومان,none (provider already quotes Toman),,,0.01,NOT VERIFIED,provider returned no row for this date
IR_GOLD_18K,gold gram,1404-12-06,20440900.0,20440900.0,,provider=تومان / stored=تومان,none (provider already quotes Toman),0.0,0.0,0.01,MATCH,stored equals provider
IR_GOLD_18K,gold gram,1403-06-15,3645400.0,3645400.0,,provider=تومان / stored=تومان,none (provider already quotes Toman),0.0,0.0,0.01,MATCH,stored equals provider
USD,fiat currency,1405-05-12,192200.0,1928800.0,1928800,provider=ریال / stored=تومان,Rial -> Toman (/10),1736600.0,-90.035255,0.01,EXPLAINED DIFFERENCE,"0.353% gap on the newest stored day: the archived close was captured at ingest time, the re-fetch returns the current quote (within the 1% same-day drift band); provider unit is ریال (Rial); ingest divides by 10 to Toman"
USD,fiat currency,1404-12-06,165390.0,1653900.0,1928800,provider=ریال / stored=تومان,Rial -> Toman (/10),1488510.0,-90.0,0.01,EXPLAINED DIFFERENCE,provider unit is ریال (Rial); ingest divides by 10 to Toman
USD,fiat currency,1403-06-15,60000.0,600000.0,1928800,provider=ریال / stored=تومان,Rial -> Toman (/10),540000.0,-90.0,0.01,EXPLAINED DIFFERENCE,provider unit is ریال (Rial); ingest divides by 10 to Toman
USD,fiat currency,1400-05-10,25550.0,255500.0,1928800,provider=ریال / stored=تومان,Rial -> Toman (/10),229950.0,-90.0,0.01,EXPLAINED DIFFERENCE,provider unit is ریال (Rial); ingest divides by 10 to Toman
USDT_IRT,stablecoin / FX,1405-05-12,192678.0,192787.0,0.999103,provider=تومان / stored=تومان,none (provider already quotes Toman),109.0,-0.056539,0.01,EXPLAINED DIFFERENCE,"0.057% gap on the newest stored day: the archived close was captured at ingest time, the re-fetch returns the current quote (within the 1% same-day drift band)"
USDT_IRT,stablecoin / FX,1405-05-11,192802.0,192298.0,0.999103,provider=تومان / stored=تومان,none (provider already quotes Toman),504.0,0.262093,0.01,UNEXPLAINED DIFFERENCE,no unit or conversion explains this gap
USDT_IRT,stablecoin / FX,1405-05-10,19490.5,195780.0,0.999103,provider=تومان / stored=تومان,none (provider already quotes Toman),176289.5,-90.044693,0.01,UNEXPLAINED DIFFERENCE,no unit or conversion explains this gap
USDT_IRT,stablecoin / FX,1404-12-06,16449.9,164499.0,0.999103,provider=تومان / stored=تومان,none (provider already quotes Toman),148049.1,-90.0,0.01,UNEXPLAINED DIFFERENCE,stored is exactly 1/10 of the provider value even though the provider already quotes this series in Toman — an unwarranted division
USDT_IRT,stablecoin / FX,1403-06-15,5989.4,59894.0,0.999103,provider=تومان / stored=تومان,none (provider already quotes Toman),53904.6,-90.0,0.01,UNEXPLAINED DIFFERENCE,stored is exactly 1/10 of the provider value even though the provider already quotes this series in Toman — an unwarranted division
XAUUSD,commodity (USD-quoted),1405-05-12,4054.0,4055.0,,provider=دلار / stored=دلار,none (provider already quotes Toman),1.0,-0.024661,0.01,EXPLAINED DIFFERENCE,"0.025% gap on the newest stored day: the archived close was captured at ingest time, the re-fetch returns the current quote (within the 1% same-day drift band)"
XAUUSD,commodity (USD-quoted),1404-12-06,5164.0,5164.0,,provider=دلار / stored=دلار,none (provider already quotes Toman),0.0,0.0,0.01,MATCH,stored equals provider
XAUUSD,commodity (USD-quoted),1403-06-15,2516.0,2516.0,,provider=دلار / stored=دلار,none (provider already quotes Toman),0.0,0.0,0.01,MATCH,stored equals provider
SEK,fiat currency,1405-05-12,20140.0,202000.0,,provider=ریال / stored=تومان,Rial -> Toman (/10),181860.0,-90.029703,0.01,EXPLAINED DIFFERENCE,"0.297% gap on the newest stored day: the archived close was captured at ingest time, the re-fetch returns the current quote (within the 1% same-day drift band); provider unit is ریال (Rial); ingest divides by 10 to Toman"
SEK,fiat currency,1405-04-31,96150.0,961500.0,,provider=ریال / stored=تومان,Rial -> Toman (/10),865350.0,-90.0,0.01,EXPLAINED DIFFERENCE,provider unit is ریال (Rial); ingest divides by 10 to Toman
SEK,fiat currency,1405-04-30,19710.0,197100.0,,provider=ریال / stored=تومان,Rial -> Toman (/10),177390.0,-90.0,0.01,EXPLAINED DIFFERENCE,provider unit is ریال (Rial); ingest divides by 10 to Toman
SEK,fiat currency,1404-12-06,18300.0,183000.0,,provider=ریال / stored=تومان,Rial -> Toman (/10),164700.0,-90.0,0.01,EXPLAINED DIFFERENCE,provider unit is ریال (Rial); ingest divides by 10 to Toman
